{"teta_0": 6331.8333333332885, "teta_1": -1106.0198809926176, "mean_x": 101066.25, "std_x": 51565.1899106445}